[{"id":1,"id_city":0,"prefix":"dp","name":"Днепр","timezone":2,"mask_landline":null,"mask_mobline":"+38 0~~ ~~~-~~-~~","active":1,"translate_key":"Dněpr","timezone_name":"Europe/Kiev","market_status":1,"gaming_status":1,"materials_lang_id":6,"country_code":"UA/UKR"},{"id":2,"id_city":1,"prefix":"lv","name":"Львов","timezone":2,"mask_landline":null,"mask_mobline":"+38 0~~ ~~~-~~-~~","active":1,"translate_key":"Lvov","timezone_name":"Europe/Kiev","market_status":1,"gaming_status":1,"materials_lang_id":6,"country_code":"UA/UKR"},{"id":4,"id_city":3,"prefix":"kh","name":"Харьков","timezone":2,"mask_landline":null,"mask_mobline":"+38 0~~ ~~~-~~-~~","active":1,"translate_key":"Charkov","timezone_name":"Europe/Kiev","market_status":1,"gaming_status":1,"materials_lang_id":6,"country_code":"UA/UKR"},{"id":5,"id_city":4,"prefix":"pl","name":"Полтава","timezone":2,"mask_landline":null,"mask_mobline":"+38 0~~ ~~~-~~-~~","active":1,"translate_key":"Poltava","timezone_name":"Europe/Kiev","market_status":1,"gaming_status":1,"materials_lang_id":6,"country_code":"UA/UKR"},{"id":6,"id_city":5,"prefix":"ma","name":"Мариуполь","timezone":2,"mask_landline":null,"mask_mobline":"+38 0~~ ~~~-~~-~~","active":1,"translate_key":"Mariupol","timezone_name":"Europe/Kiev","market_status":1,"gaming_status":1,"materials_lang_id":6,"country_code":"UA/UKR"},{"id":7,"id_city":6,"prefix":"od","name":"Одесса","timezone":2,"mask_landline":null,"mask_mobline":"+38 0~~ ~~~-~~-~~","active":1,"translate_key":"Oděsa","timezone_name":"Europe/Kiev","market_status":1,"gaming_status":1,"materials_lang_id":6,"country_code":"UA/UKR"},{"id":8,"id_city":7,"prefix":"dn","name":"Донецк","timezone":2,"mask_landline":null,"mask_mobline":"+38 0~~ ~~~-~~-~~","active":2,"translate_key":"Shag","timezone_name":"Europe/Moscow","market_status":1,"gaming_status":1,"materials_lang_id":6,"country_code":"UA/UKR"},{"id":9,"id_city":8,"prefix":"kiev","name":"Киев","timezone":2,"mask_landline":null,"mask_mobline":"+38 0~~ ~~~-~~-~~","active":1,"translate_key":"Kyjev","timezone_name":"Europe/Kiev","market_status":1,"gaming_status":1,"materials_lang_id":6,"country_code":"UA/UKR"},{"id":10,"id_city":9,"prefix":"vn","name":"Винница","timezone":2,"mask_landline":null,"mask_mobline":"+38 0~~ ~~~-~~-~~","active":1,"translate_key":"Vinnica","timezone_name":"Europe/Kiev","market_status":1,"gaming_status":1,"materials_lang_id":6,"country_code":"UA/UKR"},{"id":11,"id_city":10,"prefix":"zp","name":"Запорожье","timezone":2,"mask_landline":null,"mask_mobline":"+38 0~~ ~~~-~~-~~","active":1,"translate_key":"Zaporizhia","timezone_name":"Europe/Kiev","market_status":1,"gaming_status":1,"materials_lang_id":6,"country_code":"UA/UKR"},{"id":12,"id_city":11,"prefix":"mk","name":"Николаев","timezone":2,"mask_landline":null,"mask_mobline":"+38 0~~ ~~~-~~-~~","active":1,"translate_key":"Nikolaev","timezone_name":"Europe/Kiev","market_status":1,"gaming_status":1,"materials_lang_id":6,"country_code":"UA/UKR"},{"id":13,"id_city":12,"prefix":"rv","name":"Ровно","timezone":2,"mask_landline":null,"mask_mobline":"+38 0~~ ~~~-~~-~~","active":1,"translate_key":"Rivne","timezone_name":"Europe/Kiev","market_status":1,"gaming_status":1,"materials_lang_id":6,"country_code":"UA/UKR"},{"id":14,"id_city":13,"prefix":"lt","name":"Луцк","timezone":2,"mask_landline":null,"mask_mobline":"+38 0~~ ~~~-~~-~~","active":1,"translate_key":"Lutsk","timezone_name":"Europe/Kiev","market_status":1,"gaming_status":1,"materials_lang_id":6,"country_code":"UA/UKR"},{"id":16,"id_city":16,"prefix":"cher","name":"Чернигов","timezone":2,"mask_landline":null,"mask_mobline":"+38 0~~ ~~~-~~-~~","active":1,"translate_key":"Černigov","timezone_name":"Europe/Kiev","market_status":1,"gaming_status":1,"materials_lang_id":6,"country_code":"UA/UKR"},{"id":17,"id_city":17,"prefix":"minsk","name":"Минск","timezone":3,"mask_landline":null,"mask_mobline":"+375 ~~ ~~~-~~-~~","active":1,"translate_key":"Minsk","timezone_name":"Europe/Minsk","market_status":1,"gaming_status":1,"materials_lang_id":1,"country_code":"BY/BLR"},{"id":18,"id_city":18,"prefix":"ast","name":"Астана","timezone":6,"mask_landline":null,"mask_mobline":"+7 7~~ ~~~-~~-~~","active":1,"translate_key":"Astana","timezone_name":"Asia/Almaty","market_status":1,"gaming_status":1,"materials_lang_id":1,"country_code":"KZ/KAZ"},{"id":19,"id_city":19,"prefix":"gom","name":"Гомель","timezone":3,"mask_landline":null,"mask_mobline":"+375 ~~ ~~~-~~-~~","active":1,"translate_key":"Gomel","timezone_name":"Europe/Minsk","market_status":1,"gaming_status":1,"materials_lang_id":1,"country_code":"BY/BLR"},{"id":20,"id_city":20,"prefix":"rdj","name":"Рио-де-Жанейро","timezone":-2,"mask_landline":null,"mask_mobline":"+55 ~~ ~~~-~~-~~-~~","active":1,"translate_key":"Rio de Janeiro","timezone_name":"America/Bahia","market_status":1,"gaming_status":1,"materials_lang_id":4,"country_code":"BR/BRA"},{"id":23,"id_city":23,"prefix":"kish","name":"Кишинев","timezone":3,"mask_landline":null,"mask_mobline":"+373 ~~ ~~-~~-~~","active":1,"translate_key":"Kišiněv","timezone_name":"Europe/Chisinau","market_status":1,"gaming_status":1,"materials_lang_id":7,"country_code":"MD/MDA"},{"id":25,"id_city":25,"prefix":"bukh","name":"Бухарест","timezone":3,"mask_landline":null,"mask_mobline":"+40 ~~ ~~~-~~-~~","active":1,"translate_key":"Bukurešť","timezone_name":"Europe/Bucharest","market_status":1,"gaming_status":1,"materials_lang_id":7,"country_code":"RO/ROU"},{"id":26,"id_city":26,"prefix":"sof","name":"София","timezone":3,"mask_landline":null,"mask_mobline":"+359 ~~~ ~~~-~~-~","active":1,"translate_key":"Sofia","timezone_name":"Europe/Sofia","market_status":1,"gaming_status":1,"materials_lang_id":3,"country_code":"BG/BGR"},{"id":28,"id_city":28,"prefix":"tbi","name":"Тбилиси","timezone":4,"mask_landline":null,"mask_mobline":"+995 ~~~ ~~-~~-~~","active":1,"translate_key":"Tbilisi","timezone_name":"Asia/Tbilisi","market_status":1,"gaming_status":1,"materials_lang_id":8,"country_code":"GE/GEO"},{"id":29,"id_city":29,"prefix":"alm","name":"Алматы","timezone":6,"mask_landline":null,"mask_mobline":"+7 ~~~ ~~~-~~-~~","active":1,"translate_key":"Almaty","timezone_name":"Asia/Almaty","market_status":1,"gaming_status":1,"materials_lang_id":1,"country_code":"KZ/KAZ"},{"id":31,"id_city":31,"prefix":"kherson","name":"Херсон","timezone":2,"mask_landline":null,"mask_mobline":"+38 0~~ ~~~-~~-~~","active":1,"translate_key":"Cherson","timezone_name":"Europe/Kiev","market_status":1,"gaming_status":1,"materials_lang_id":6,"country_code":"UA/UKR"},{"id":32,"id_city":32,"prefix":"khmel","name":"Хмельницкий","timezone":2,"mask_landline":null,"mask_mobline":"+38 0~~ ~~~-~~-~~","active":1,"translate_key":"Chmelnicky","timezone_name":"Europe/Kiev","market_status":1,"gaming_status":1,"materials_lang_id":6,"country_code":"UA/UKR"},{"id":33,"id_city":33,"prefix":"tern","name":"Тернополь","timezone":2,"mask_landline":null,"mask_mobline":"+38 0~~ ~~~-~~-~~","active":1,"translate_key":"Ternopil","timezone_name":"Europe/Kiev","market_status":1,"gaming_status":1,"materials_lang_id":6,"country_code":"UA/UKR"},{"id":34,"id_city":34,"prefix":"kr","name":"Кривой Рог","timezone":2,"mask_landline":null,"mask_mobline":"+38 0~~ ~~~-~~-~~","active":1,"translate_key":"Krivoi Rog","timezone_name":"Europe/Kiev","market_status":1,"gaming_status":1,"materials_lang_id":6,"country_code":"UA/UKR"},{"id":35,"id_city":35,"prefix":"pnom","name":"Пномпень","timezone":7,"mask_landline":null,"mask_mobline":"+855 ~~ ~~~-~~-~~","active":1,"translate_key":"Phnom Penh","timezone_name":"Indian/Christmas","market_status":1,"gaming_status":1,"materials_lang_id":2,"country_code":"KH/KHM"},{"id":36,"id_city":36,"prefix":"sietl","name":"Сиэтл","timezone":-7,"mask_landline":null,"mask_mobline":"+1~~~-~~~-~~~~","active":1,"translate_key":"Seattle","timezone_name":"America/Los_Angeles","market_status":1,"gaming_status":0,"materials_lang_id":2,"country_code":"US/USA"},{"id":37,"id_city":37,"prefix":"karag","name":"Караганда","timezone":6,"mask_landline":null,"mask_mobline":"+7 ~~~ ~~~-~~-~~","active":1,"translate_key":"Karaganda","timezone_name":"Asia/Almaty","market_status":1,"gaming_status":1,"materials_lang_id":1,"country_code":"KZ/KAZ"},{"id":39,"id_city":39,"prefix":"zhitomir","name":"Житомир","timezone":2,"mask_landline":null,"mask_mobline":"+38 0~~ ~~~-~~-~~","active":1,"translate_key":"Zhytomyr","timezone_name":"Europe/Kiev","market_status":1,"gaming_status":1,"materials_lang_id":6,"country_code":"UA/UKR"},{"id":40,"id_city":40,"prefix":"kam","name":"Каменское","timezone":2,"mask_landline":null,"mask_mobline":"+38 0~~ ~~~-~~-~~","active":1,"translate_key":"Kamensko","timezone_name":"Europe/Kiev","market_status":1,"gaming_status":1,"materials_lang_id":6,"country_code":"UA/UKR"},{"id":42,"id_city":42,"prefix":"baku","name":"Баку","timezone":4,"mask_landline":null,"mask_mobline":"+994 ~~ ~~~-~~-~~","active":1,"translate_key":"Baku","timezone_name":"Asia/Baku","market_status":1,"gaming_status":1,"materials_lang_id":9,"country_code":"AZ/AZE"},{"id":43,"id_city":43,"prefix":"brat","name":"Братислава","timezone":1,"mask_landline":null,"mask_mobline":"+421-~~~-~~~-~~~","active":1,"translate_key":"Bratislava","timezone_name":"Europe/Bratislava","market_status":1,"gaming_status":1,"materials_lang_id":14,"country_code":"SK/SVK"},{"id":44,"id_city":44,"prefix":"prag","name":"Прага","timezone":1,"mask_landline":null,"mask_mobline":"+420-~~~-~~~-~~~","active":1,"translate_key":"Praha","timezone_name":"Europe/Prague","market_status":1,"gaming_status":1,"materials_lang_id":12,"country_code":"CZ/CZE"},{"id":45,"id_city":45,"prefix":"bobr","name":"Бобруйск","timezone":3,"mask_landline":null,"mask_mobline":"+375 ~~ ~~~-~~-~~","active":1,"translate_key":"Bobruisk","timezone_name":"Europe/Minsk","market_status":1,"gaming_status":1,"materials_lang_id":1,"country_code":"BY/BLR"},{"id":46,"id_city":46,"prefix":"cherniv","name":"Черновцы","timezone":3,"mask_landline":null,"mask_mobline":"+38 0~~ ~~~-~~-~~","active":1,"translate_key":"Černovice","timezone_name":"Europe/Kiev","market_status":1,"gaming_status":0,"materials_lang_id":6,"country_code":"UA/UKR"},{"id":47,"id_city":47,"prefix":"tij","name":"Тихуана","timezone":-7,"mask_landline":null,"mask_mobline":"+52 664 ~~~-~~-~~","active":1,"translate_key":"Tijuana","timezone_name":"America/Tijuana","market_status":1,"gaming_status":0,"materials_lang_id":1,"country_code":"MX/MEX"},{"id":49,"id_city":48,"prefix":"warsaw","name":"Варшава","timezone":1,"mask_landline":null,"mask_mobline":"+48 ~~ ~~~-~~-~~","active":1,"translate_key":"Varšava","timezone_name":"Europe/Warsaw","market_status":1,"gaming_status":1,"materials_lang_id":23,"country_code":"PL/POL"},{"id":50,"id_city":49,"prefix":"test","name":"Тестовый","timezone":2,"mask_landline":null,"mask_mobline":"+38 0~~ ~~~-~~-~~","active":1,"translate_key":"TESTINGS","timezone_name":"Europe/Kiev","market_status":1,"gaming_status":1,"materials_lang_id":6,"country_code":"UA/UKR"},{"id":53,"id_city":50,"prefix":"gen","name":"Женева","timezone":1,"mask_landline":null,"mask_mobline":"+~~~ ~~ ~~~-~~-~~","active":1,"translate_key":"GENEVA","timezone_name":"Europe/Zurich","market_status":1,"gaming_status":1,"materials_lang_id":2,"country_code":"CH/CHE"},{"id":58,"id_city":54,"prefix":"ivf","name":"Ивано-Франковск","timezone":2,"mask_landline":null,"mask_mobline":"+38 0~~ ~~~-~~-~~","active":1,"translate_key":"IVANO_FRANKIVSK","timezone_name":"Europe/Kiev","market_status":1,"gaming_status":1,"materials_lang_id":6,"country_code":"UA/UKR"},{"id":62,"id_city":58,"prefix":"brno","name":"Брно","timezone":1,"mask_landline":null,"mask_mobline":"+420-~~~-~~~-~~~","active":1,"translate_key":"Brno","timezone_name":"Europe/Prague","market_status":1,"gaming_status":1,"materials_lang_id":12,"country_code":"CZ/CZE"},{"id":65,"id_city":59,"prefix":"grod","name":"Гродно","timezone":3,"mask_landline":null,"mask_mobline":"+375 ~~ ~~~-~~-~~","active":1,"translate_key":"GRODNO","timezone_name":"Europe/Minsk","market_status":0,"gaming_status":1,"materials_lang_id":1,"country_code":"BY/BLR"},{"id":67,"id_city":60,"prefix":"mog","name":"Могилев","timezone":3,"mask_landline":null,"mask_mobline":"+375 ~~ ~~~-~~-~~","active":1,"translate_key":"MOGILEV","timezone_name":"Europe/Minsk","market_status":0,"gaming_status":1,"materials_lang_id":1,"country_code":"BY/BLR"},{"id":68,"id_city":61,"prefix":"vit","name":"Витебск","timezone":3,"mask_landline":null,"mask_mobline":"+375 ~~ ~~~-~~-~~","active":1,"translate_key":"VITEBSK","timezone_name":"Europe/Minsk","market_status":0,"gaming_status":1,"materials_lang_id":1,"country_code":"BY/BLR"},{"id":69,"id_city":62,"prefix":"brest","name":"Брест","timezone":3,"mask_landline":null,"mask_mobline":"+375 ~~ ~~~-~~-~~","active":1,"translate_key":"BREST","timezone_name":"Europe/Minsk","market_status":1,"gaming_status":1,"materials_lang_id":1,"country_code":"BY/BLR"},{"id":72,"id_city":63,"prefix":"uzh","name":"Ужгород","timezone":3,"mask_landline":null,"mask_mobline":"+38 0~~ ~~~-~~-~~","active":1,"translate_key":"UZHGOROD","timezone_name":"Europe/Uzhgorod","market_status":1,"gaming_status":1,"materials_lang_id":6,"country_code":"UA/UKR"},{"id":73,"id_city":64,"prefix":"cherk","name":"Черкасы","timezone":3,"mask_landline":null,"mask_mobline":"+38 0~~ ~~~-~~-~~","active":1,"translate_key":"CHERKASY","timezone_name":"Europe/Kiev","market_status":1,"gaming_status":1,"materials_lang_id":6,"country_code":"UA/UKR"},{"id":77,"id_city":68,"prefix":"kram","name":"Краматорск","timezone":2,"mask_landline":null,"mask_mobline":"+38 0~~ ~~~-~~-~~","active":1,"translate_key":"KRAMATORSK","timezone_name":"Europe/Kiev","market_status":1,"gaming_status":1,"materials_lang_id":6,"country_code":"UA/UKR"},{"id":78,"id_city":69,"prefix":"telavi","name":"Телави","timezone":4,"mask_landline":null,"mask_mobline":"+995 ~~~ ~~-~~-~~","active":1,"translate_key":"TELAVI","timezone_name":"Asia/Tbilisi","market_status":1,"gaming_status":1,"materials_lang_id":8,"country_code":"GE/GEO"},{"id":79,"id_city":70,"prefix":"tashkent","name":"Ташкент","timezone":5,"mask_landline":null,"mask_mobline":"+998 ~~~ ~~-~~-~~","active":1,"translate_key":"TASHKENT","timezone_name":"Asia/Tashkent","market_status":1,"gaming_status":1,"materials_lang_id":1,"country_code":"UZ/UZB"},{"id":117,"id_city":81,"prefix":"sd","name":"Северодонецк","timezone":3,"mask_landline":null,"mask_mobline":"+38 0~~ ~~~-~~-~~","active":1,"translate_key":"SEVERODONETSK","timezone_name":"Europe/Kiev","market_status":1,"gaming_status":1,"materials_lang_id":6,"country_code":"UA/UKR"},{"id":118,"id_city":82,"prefix":"kremen","name":"Кременчуг","timezone":3,"mask_landline":null,"mask_mobline":"+38 0~~ ~~~-~~-~~","active":1,"translate_key":"KREMENCHUG","timezone_name":"Europe/Kiev","market_status":1,"gaming_status":1,"materials_lang_id":6,"country_code":"UA/UKR"},{"id":119,"id_city":83,"prefix":"virt","name":"Виртуальный","timezone":0,"mask_landline":null,"mask_mobline":"+38 0~~ ~~~-~~-~~","active":1,"translate_key":"Virtual","timezone_name":"Europe/Kiev","market_status":1,"gaming_status":1,"materials_lang_id":6,"country_code":"UA/UKR"},{"id":125,"id_city":85,"prefix":"krp","name":"Кропивницкий","timezone":1,"mask_landline":null,"mask_mobline":"+38 0~~ ~~~-~~-~~","active":1,"translate_key":"Kropivnitski","timezone_name":"Europe/Kiev","market_status":1,"gaming_status":1,"materials_lang_id":6,"country_code":"UA/UKR"},{"id":126,"id_city":86,"prefix":"sum","name":"Сумы","timezone":0,"mask_landline":null,"mask_mobline":"+38 0~~ ~~~-~~-~~","active":1,"translate_key":"SUMY","timezone_name":"Europe/Kiev","market_status":1,"gaming_status":1,"materials_lang_id":6,"country_code":"UA/UKR"},{"id":128,"id_city":88,"prefix":"brd","name":"Бердянск","timezone":0,"mask_landline":null,"mask_mobline":"+38 0~~ ~~~-~~-~~","active":1,"translate_key":"BERDYANSK","timezone_name":"Europe/Kiev","market_status":1,"gaming_status":1,"materials_lang_id":6,"country_code":"UA/UKR"},{"id":129,"id_city":89,"prefix":"bar","name":"Барановичи","timezone":0,"mask_landline":null,"mask_mobline":"+375 ~~ ~~~-~~-~~","active":1,"translate_key":"BARANOVICHI","timezone_name":"Europe/Minsk","market_status":1,"gaming_status":1,"materials_lang_id":1,"country_code":"BY/BLR"},{"id":130,"id_city":90,"prefix":"ostr","name":"Острава","timezone":-1,"mask_landline":null,"mask_mobline":"+420-~~~-~~~-~~~","active":1,"translate_key":"Ostrava","timezone_name":"Europe/Prague","market_status":1,"gaming_status":1,"materials_lang_id":12,"country_code":"CZ/CZE"},{"id":266,"id_city":110,"prefix":"dub","name":"Дубай","timezone":3,"mask_landline":null,"mask_mobline":"+971 ~~ ~~~-~~-~~","active":1,"translate_key":"DUBAI","timezone_name":"Asia/Dubai","market_status":1,"gaming_status":1,"materials_lang_id":2,"country_code":"AE/UAE"},{"id":403,"id_city":157,"prefix":"ho","name":"Хошимин","timezone":4,"mask_landline":null,"mask_mobline":"+84 ~ ~~~~-~~-~~","active":1,"translate_key":"HO_CHI_MINH","timezone_name":"Asia/Ho_Chi_Minh","market_status":1,"gaming_status":1,"materials_lang_id":2,"country_code":"VN/VIE"},{"id":406,"id_city":158,"prefix":"bila","name":"Белая Церковь","timezone":0,"mask_landline":null,"mask_mobline":"+38 0~~ ~~~-~~-~~","active":1,"translate_key":"BILA_TSERKVA","timezone_name":"Europe/Kiev","market_status":1,"gaming_status":1,"materials_lang_id":6,"country_code":"UA/UKR"},{"id":409,"id_city":159,"prefix":"htu_shag","name":" ХТУ ШАГ","timezone":0,"mask_landline":null,"mask_mobline":"+38 0~~ ~~~-~~-~~","active":1,"translate_key":"HTU_SHAG","timezone_name":"Europe/Kiev","market_status":1,"gaming_status":1,"materials_lang_id":6,"country_code":"UA/UKR"},{"id":412,"id_city":160,"prefix":"unicorn","name":"Unicorn","timezone":0,"mask_landline":null,"mask_mobline":"+38 0~~ ~~~-~~-~~","active":1,"translate_key":"UNICORN","timezone_name":"Europe/Kiev","market_status":1,"gaming_status":1,"materials_lang_id":6,"country_code":"UA/UKR"},{"id":466,"id_city":180,"prefix":"meli","name":"Мелитополь","timezone":0,"mask_landline":null,"mask_mobline":"+38 0~~ ~~~-~~-~~","active":1,"translate_key":"MELITOPOL","timezone_name":"Europe/Kiev","market_status":1,"gaming_status":1,"materials_lang_id":6,"country_code":"UA/UKR"},{"id":523,"id_city":200,"prefix":"virt_kz","name":"Облачный KZ","timezone":3,"mask_landline":null,"mask_mobline":"+7 ~~~ ~~~-~~-~~","active":1,"translate_key":"VIRT_KZ","timezone_name":"Asia/Almaty","market_status":1,"gaming_status":1,"materials_lang_id":1,"country_code":"KZ/KAZ"},{"id":538,"id_city":205,"prefix":"kovel","name":"Ковель","timezone":0,"mask_landline":null,"mask_mobline":"+38 0~~ ~~~-~~-~~","active":1,"translate_key":"KOVEL","timezone_name":"Europe/Kiev","market_status":1,"gaming_status":1,"materials_lang_id":6,"country_code":"UA/UKR"},{"id":562,"id_city":212,"prefix":"vein","name":"Вена","timezone":1,"mask_landline":null,"mask_mobline":"+43 ~~~~-~~-~~","active":1,"translate_key":"VEIN","timezone_name":"Europe/Vienna","market_status":1,"gaming_status":1,"materials_lang_id":34,"country_code":"AT/AUT"},{"id":589,"id_city":221,"prefix":"slav","name":"Славянск","timezone":0,"mask_landline":null,"mask_mobline":"+38 0~~ ~~~-~~-~~","active":1,"translate_key":"SLAVYANSK","timezone_name":"Europe/Kiev","market_status":1,"gaming_status":1,"materials_lang_id":6,"country_code":"UA/UKR"},{"id":592,"id_city":222,"prefix":"pavl","name":"Павлоград","timezone":0,"mask_landline":null,"mask_mobline":"+38 0~~ ~~~-~~-~~","active":1,"translate_key":"PAVLOGRAD","timezone_name":"Europe/Kiev","market_status":1,"gaming_status":1,"materials_lang_id":6,"country_code":"UA/UKR"},{"id":598,"id_city":223,"prefix":"nikop","name":"Никополь","timezone":0,"mask_landline":null,"mask_mobline":"+38 0~~ ~~~-~~-~~","active":1,"translate_key":"NIKOPOL","timezone_name":"Europe/Kiev","market_status":1,"gaming_status":1,"materials_lang_id":6,"country_code":"UA/UKR"},{"id":599,"id_city":224,"prefix":"irpen","name":"Ирпень","timezone":0,"mask_landline":null,"mask_mobline":"+38 0~~ ~~~-~~-~~","active":1,"translate_key":"IRPEN","timezone_name":"Europe/Kiev","market_status":1,"gaming_status":1,"materials_lang_id":6,"country_code":"UA/UKR"},{"id":601,"id_city":225,"prefix":"han","name":"Ханой","timezone":4,"mask_landline":null,"mask_mobline":"+84 ~ ~~~~-~~-~~","active":1,"translate_key":"HANOI","timezone_name":"Asia/Bangkok","market_status":1,"gaming_status":1,"materials_lang_id":2,"country_code":"VN\\VNM"},{"id":626,"id_city":234,"prefix":"shymkt","name":"Шымкент","timezone":3,"mask_landline":null,"mask_mobline":"+77 ~~ ~~~-~~-~~","active":1,"translate_key":"SHYMKENT","timezone_name":"Asia/Almaty","market_status":1,"gaming_status":1,"materials_lang_id":1,"country_code":"KZ/KAZ"},{"id":629,"id_city":235,"prefix":"zurich","name":"Цюрих","timezone":-1,"mask_landline":null,"mask_mobline":"+~~ ~~ ~~~-~~-~~","active":1,"translate_key":"ZURICH","timezone_name":"Europe/Zurich","market_status":1,"gaming_status":1,"materials_lang_id":2,"country_code":"CH/CHE"},{"id":632,"id_city":236,"prefix":"basel","name":"Базель","timezone":-1,"mask_landline":null,"mask_mobline":"+~~ ~~ ~~~-~~-~~","active":1,"translate_key":"BASEL","timezone_name":"Europe/Zurich","market_status":1,"gaming_status":1,"materials_lang_id":2,"country_code":"CH/CHE"},{"id":635,"id_city":237,"prefix":"bern","name":"Берн","timezone":-1,"mask_landline":null,"mask_mobline":"+~~ ~~ ~~~-~~-~~","active":1,"translate_key":"BERN","timezone_name":"Europe/Zurich","market_status":1,"gaming_status":1,"materials_lang_id":2,"country_code":"CH/CHE"},{"id":638,"id_city":238,"prefix":"lucerne","name":"Люцерн","timezone":-1,"mask_landline":null,"mask_mobline":"+~~ ~~ ~~~-~~-~~","active":1,"translate_key":"LUCERNE","timezone_name":"Europe/Zurich","market_status":1,"gaming_status":1,"materials_lang_id":2,"country_code":"CH/CHE"},{"id":641,"id_city":239,"prefix":"st_gallen","name":"Санкт-Галлен","timezone":-1,"mask_landline":null,"mask_mobline":"+~~ ~~ ~~~-~~-~~","active":1,"translate_key":"ST_GALLEN","timezone_name":"Europe/Zurich","market_status":1,"gaming_status":1,"materials_lang_id":2,"country_code":"CH/CHE"},{"id":644,"id_city":240,"prefix":"ticino","name":"Тичино","timezone":-1,"mask_landline":null,"mask_mobline":"+~~ ~~ ~~~-~~-~~","active":1,"translate_key":"TICINO","timezone_name":"Europe/Zurich","market_status":1,"gaming_status":1,"materials_lang_id":2,"country_code":"CH/CHE"},{"id":647,"id_city":241,"prefix":"zug","name":"Цуг","timezone":-1,"mask_landline":null,"mask_mobline":"+~~ ~~ ~~~-~~-~~","active":1,"translate_key":"ZUG","timezone_name":"Europe/Zurich","market_status":1,"gaming_status":1,"materials_lang_id":2,"country_code":"CH/CHE"},{"id":662,"id_city":245,"prefix":"frib","name":"Фрибург","timezone":-1,"mask_landline":null,"mask_mobline":"+~~ ~~ ~~~-~~-~~","active":1,"translate_key":"FRIBORG","timezone_name":"Europe/Zurich","market_status":1,"gaming_status":1,"materials_lang_id":27,"country_code":"CH/CHE"},{"id":665,"id_city":246,"prefix":"neuchatel","name":"Невшатель","timezone":-1,"mask_landline":null,"mask_mobline":"+~~ ~~ ~~~-~~-~~","active":1,"translate_key":"NEUCHATEL","timezone_name":"Europe/Zurich","market_status":1,"gaming_status":1,"materials_lang_id":27,"country_code":"CH/CHE"},{"id":668,"id_city":247,"prefix":"vale","name":"Вале","timezone":-1,"mask_landline":null,"mask_mobline":"+~~ ~~ ~~~-~~-~~","active":1,"translate_key":"VALE","timezone_name":"Europe/Zurich","market_status":1,"gaming_status":1,"materials_lang_id":27,"country_code":"CH/CHE"},{"id":671,"id_city":248,"prefix":"vo","name":"Во","timezone":-1,"mask_landline":null,"mask_mobline":"+~~ ~~ ~~~-~~-~~","active":1,"translate_key":"VO","timezone_name":"Europe/Zurich","market_status":1,"gaming_status":1,"materials_lang_id":27,"country_code":"CH/CHE"},{"id":702,"id_city":259,"prefix":"ol","name":"Александрия","timezone":0,"mask_landline":null,"mask_mobline":"+38 0~~ ~~~-~~-~~","active":1,"translate_key":"ALEXANDRIA","timezone_name":"Europe/Kiev","market_status":1,"gaming_status":1,"materials_lang_id":6,"country_code":"UA/UKR"},{"id":705,"id_city":260,"prefix":"novkahov","name":"Новая Каховка","timezone":0,"mask_landline":null,"mask_mobline":"+38 0~~ ~~~-~~-~~","active":1,"translate_key":"NOVA_KAHOVKA","timezone_name":"Europe/Kiev","market_status":1,"gaming_status":1,"materials_lang_id":6,"country_code":"UA/UKR"},{"id":771,"id_city":281,"prefix":"atyrau","name":"Атырау","timezone":5,"mask_landline":null,"mask_mobline":"+7 ~~~ ~~~-~~-~~","active":1,"translate_key":"ATYRAU","timezone_name":"Asia/Atyrau","market_status":1,"gaming_status":1,"materials_lang_id":1,"country_code":"KZ/KAZ"},{"id":788,"id_city":287,"prefix":"stsm_kiev","name":"Step2Smart Киев","timezone":0,"mask_landline":null,"mask_mobline":"+38 0~~ ~~~-~~-~~","active":1,"translate_key":"STEP2SMART_KIEV","timezone_name":"Europe/Kiev","market_status":1,"gaming_status":1,"materials_lang_id":6,"country_code":"UA/UKR"},{"id":887,"id_city":311,"prefix":"smrknd","name":"Самарканд","timezone":2,"mask_landline":null,"mask_mobline":"+998 ~~~ ~~-~~-~~","active":1,"translate_key":"SAMARKAND","timezone_name":"Asia/Samarkand","market_status":1,"gaming_status":1,"materials_lang_id":1,"country_code":"UZ/UZB"},{"id":978,"id_city":342,"prefix":"steptoinv","name":"Steptoinvest","timezone":0,"mask_landline":null,"mask_mobline":"+38 0~~ ~~~-~~-~~","active":1,"translate_key":"steptoinvest","timezone_name":"Europe/Kiev","market_status":0,"gaming_status":0,"materials_lang_id":6,"country_code":"UA/UKR"},{"id":1110,"id_city":375,"prefix":"online_az","name":"Online AZ","timezone":2,"mask_landline":null,"mask_mobline":"+994 ~~ ~~~ ~~ ~~","active":1,"translate_key":"Online AZ","timezone_name":"Asia/Baku","market_status":1,"gaming_status":1,"materials_lang_id":9,"country_code":"AZ/AZE"},{"id":1113,"id_city":376,"prefix":"tsup","name":"ЦУП","timezone":0,"mask_landline":null,"mask_mobline":"+38 0~~ ~~~-~~-~~","active":1,"translate_key":"TSUP","timezone_name":"Europe/Kiev","market_status":1,"gaming_status":1,"materials_lang_id":6,"country_code":"UA/UKR"},{"id":1115,"id_city":377,"prefix":"stt_ukr","name":"Step2Travel Ukraine","timezone":0,"mask_landline":null,"mask_mobline":"+38 0~~ ~~~-~~-~~","active":1,"translate_key":"STEP2TRAVEL_UKRAINE","timezone_name":"Europe/Kiev","market_status":1,"gaming_status":1,"materials_lang_id":6,"country_code":"UA/UKR"},{"id":1118,"id_city":378,"prefix":"unicorn_pl","name":"Unicorn Poland","timezone":1,"mask_landline":null,"mask_mobline":"+48 ~~ ~~~-~~-~~","active":1,"translate_key":"UNICORN_PL","timezone_name":"Europe/Warsaw","market_status":1,"gaming_status":1,"materials_lang_id":23,"country_code":"PL/POL"},{"id":1121,"id_city":379,"prefix":"test_sprt","name":"ТестСаппорт","timezone":0,"mask_landline":null,"mask_mobline":"+38 0~~ ~~~-~~-~~","active":1,"translate_key":"TEST_SUPPORT","timezone_name":"Europe/Kiev","market_status":1,"gaming_status":1,"materials_lang_id":6,"country_code":"UA/UKR"},{"id":1125,"id_city":381,"prefix":"warsaw_ua","name":"Варшава_ua","timezone":-1,"mask_landline":null,"mask_mobline":"+48 ~~ ~~~-~~-~~","active":1,"translate_key":"WARSAW_UA","timezone_name":"Europe/Warsaw","market_status":1,"gaming_status":1,"materials_lang_id":23,"country_code":"PL/POL"},{"id":1134,"id_city":384,"prefix":"lbc","name":"Либерец","timezone":-1,"mask_landline":null,"mask_mobline":"+420-~~~-~~~-~~~","active":1,"translate_key":"Liberec","timezone_name":"Europe/Prague","market_status":1,"gaming_status":1,"materials_lang_id":1,"country_code":"CZ/CZE"},{"id":1137,"id_city":385,"prefix":"sofia_corp","name":"Sofia.Corporate","timezone":0,"mask_landline":null,"mask_mobline":"+359 ~~~ ~~~-~~-~","active":1,"translate_key":"SOFIA_CORPORATE","timezone_name":"Europe/Sofia","market_status":1,"gaming_status":1,"materials_lang_id":3,"country_code":"BG/BGR"},{"id":1138,"id_city":386,"prefix":"bud","name":"Будапешт","timezone":-1,"mask_landline":null,"mask_mobline":"+36 ~ ~~~ ~~~~","active":1,"translate_key":"BUDAPEST","timezone_name":"Europe/Budapest","market_status":1,"gaming_status":1,"materials_lang_id":2,"country_code":"HU/HUN"},{"id":1141,"id_city":387,"prefix":"istanbul","name":"Стамбул","timezone":1,"mask_landline":null,"mask_mobline":"+90 ~~~ ~~~-~~-~~","active":1,"translate_key":"ISTANBUL","timezone_name":"Europe/Istanbul","market_status":1,"gaming_status":1,"materials_lang_id":39,"country_code":"TR/TUR"},{"id":1144,"id_city":388,"prefix":"drohobych","name":"Дрогобыч","timezone":0,"mask_landline":null,"mask_mobline":"+38 0~~ ~~~-~~-~~","active":1,"translate_key":"DROHOBYCH","timezone_name":"Europe/Kiev","market_status":1,"gaming_status":1,"materials_lang_id":6,"country_code":"UA/UKR"},{"id":1147,"id_city":389,"prefix":"kyiv","name":"Вишнёвое","timezone":0,"mask_landline":null,"mask_mobline":"+38 0~~ ~~~-~~-~~","active":1,"translate_key":"VYSHNEVE","timezone_name":"Europe/Kiev","market_status":1,"gaming_status":1,"materials_lang_id":6,"country_code":"UA/UKR"},{"id":1150,"id_city":390,"prefix":"baku_neft","name":"Baku Neftchilar","timezone":2,"mask_landline":null,"mask_mobline":"+994 ~~ ~~~ ~~ ~~","active":1,"translate_key":"BAKU_NEFTCHILAR","timezone_name":"Asia/Baku","market_status":1,"gaming_status":1,"materials_lang_id":9,"country_code":"AZ/AZE"},{"id":1152,"id_city":391,"prefix":"brovary","name":"Бровары","timezone":0,"mask_landline":null,"mask_mobline":"+38 0~~ ~~~-~~-~~","active":1,"translate_key":"BROVARY","timezone_name":"Europe/Kiev","market_status":1,"gaming_status":1,"materials_lang_id":6,"country_code":"UA/UKR"},{"id":1158,"id_city":393,"prefix":"wroclaw","name":"Вроцлав","timezone":-1,"mask_landline":null,"mask_mobline":"+48 ~~ ~~~-~~-~~","active":1,"translate_key":"WROCLAW","timezone_name":"Europe/Warsaw","market_status":1,"gaming_status":1,"materials_lang_id":23,"country_code":"PL/POL"},{"id":1159,"id_city":394,"prefix":"global","name":"Global","timezone":1,"mask_landline":null,"mask_mobline":"~~~~~?~~~~~~~~~~~~~~","active":1,"translate_key":"GLOBAL","timezone_name":"Europe/Kiev","market_status":1,"gaming_status":1,"materials_lang_id":1,"country_code":"UA/UKR"},{"id":1162,"id_city":395,"prefix":"multimed","name":"Мультимед","timezone":0,"mask_landline":null,"mask_mobline":"+38 0~~ ~~~-~~-~~","active":1,"translate_key":"MULTIMED","timezone_name":"Europe/Kiev","market_status":1,"gaming_status":1,"materials_lang_id":1,"country_code":"UA/UKR"},{"id":1165,"id_city":396,"prefix":"balti","name":"Бельцы","timezone":0,"mask_landline":null,"mask_mobline":"+373 ~~ ~~-~~-~~","active":1,"translate_key":"BALTI","timezone_name":"Europe/Chisinau","market_status":1,"gaming_status":1,"materials_lang_id":1,"country_code":"MD/MDA"},{"id":1170,"id_city":398,"prefix":"aqtobe","name":"Актобе","timezone":3,"mask_landline":null,"mask_mobline":"+7 ~~~ ~~~-~~-~~","active":1,"translate_key":"AQTOBE","timezone_name":"Asia/Aqtobe","market_status":1,"gaming_status":1,"materials_lang_id":26,"country_code":"KZ/KAZ"},{"id":1176,"id_city":400,"prefix":"bishkek","name":"Бишкек","timezone":4,"mask_landline":null,"mask_mobline":"+996 ~~~ ~~~~~~","active":1,"translate_key":"bishkek","timezone_name":"Asia/Bishkek","market_status":1,"gaming_status":1,"materials_lang_id":44,"country_code":"KG/KGZ"},{"id":1179,"id_city":401,"prefix":"erevan","name":"Ереван","timezone":2,"mask_landline":null,"mask_mobline":"+374 ~~~~ ~~~~","active":1,"translate_key":"erevan","timezone_name":"Asia/Yerevan","market_status":1,"gaming_status":1,"materials_lang_id":41,"country_code":"AM/ARM"},{"id":1182,"id_city":402,"prefix":"andor","name":"Андорра","timezone":-1,"mask_landline":null,"mask_mobline":"+376 ~~~~ ~~~~~","active":1,"translate_key":"ANDORRA","timezone_name":"Europe/Andorra","market_status":1,"gaming_status":1,"materials_lang_id":1,"country_code":"AD/AND"}]